Sample in Buffer,Sample in Window,TRIGGER,ACK_bit,SCL,SDA,led_OBUF[7:0],TrigerEvent,FSM_Clk,CURR_STATE[7:0],MSB_BYTE[7:0],LSB_BYTE[7:0],Final_Temp[15:0]
0,0,0,1,1,1,c0,1,1,0,00000000,00000000,0000
1,1,0,1,1,1,c0,1,0,0,00000000,00000000,0000
2,2,0,1,1,1,c0,1,1,0,00000000,00000000,0000
3,3,0,1,1,1,c0,1,0,0,00000000,00000000,0000
4,4,0,1,1,1,c0,1,1,0,00000000,00000000,0000
5,5,0,1,1,1,c0,1,0,0,00000000,00000000,0000
6,6,0,1,1,1,c0,1,1,0,00000000,00000000,0000
7,7,0,1,1,1,c0,1,0,0,00000000,00000000,0000
8,8,0,1,1,1,c0,1,1,0,00000000,00000000,0000
9,9,0,1,1,1,c0,1,0,0,00000000,00000000,0000
10,10,0,1,1,1,c0,1,1,0,00000000,00000000,0000
11,11,0,1,1,1,c0,1,0,0,00000000,00000000,0000
12,12,0,1,1,1,c0,1,1,0,00000000,00000000,0000
13,13,0,1,1,1,c0,1,0,0,00000000,00000000,0000
14,14,0,1,1,1,c0,1,1,0,00000000,00000000,0000
15,15,0,1,1,1,c0,1,0,0,00000000,00000000,0000
16,16,0,1,1,1,c0,1,1,0,00000000,00000000,0000
17,17,0,1,1,1,c0,1,0,0,00000000,00000000,0000
18,18,0,1,1,1,c0,1,1,0,00000000,00000000,0000
19,19,0,1,1,1,c0,1,0,0,00000000,00000000,0000
20,20,0,1,1,1,c0,1,1,0,00000000,00000000,0000
21,21,0,1,1,1,c0,1,0,0,00000000,00000000,0000
22,22,0,1,1,1,c0,1,1,0,00000000,00000000,0000
23,23,0,1,1,1,c0,1,0,0,00000000,00000000,0000
24,24,0,1,1,1,c0,1,1,0,00000000,00000000,0000
25,25,0,1,1,1,c0,1,0,0,00000000,00000000,0000
26,26,0,1,1,1,c0,1,1,0,00000000,00000000,0000
27,27,0,1,1,1,c0,1,0,0,00000000,00000000,0000
28,28,0,1,1,1,c0,1,1,0,00000000,00000000,0000
29,29,0,1,1,1,c0,1,0,0,00000000,00000000,0000
30,30,0,1,1,1,c0,1,1,0,00000000,00000000,0000
31,31,0,1,1,1,c0,1,0,0,00000000,00000000,0000
32,32,0,1,1,1,c0,1,1,0,00000000,00000000,0000
33,33,0,1,1,1,c0,1,0,0,00000000,00000000,0000
34,34,0,1,1,1,c0,1,1,0,00000000,00000000,0000
35,35,0,1,1,1,c0,1,0,0,00000000,00000000,0000
36,36,0,1,1,1,c0,1,1,0,00000000,00000000,0000
37,37,0,1,1,1,c0,1,0,0,00000000,00000000,0000
38,38,0,1,1,1,c0,1,1,0,00000000,00000000,0000
39,39,0,1,1,1,c0,1,0,0,00000000,00000000,0000
40,40,0,1,1,1,c0,1,1,0,00000000,00000000,0000
41,41,0,1,1,1,c0,1,0,0,00000000,00000000,0000
42,42,0,1,1,1,c0,1,1,0,00000000,00000000,0000
43,43,0,1,1,1,c0,1,0,0,00000000,00000000,0000
44,44,0,1,1,1,c0,1,1,0,00000000,00000000,0000
45,45,0,1,1,1,c0,1,0,0,00000000,00000000,0000
46,46,0,1,1,1,c0,1,1,0,00000000,00000000,0000
47,47,0,1,1,1,c0,1,0,0,00000000,00000000,0000
48,48,0,1,1,1,c0,1,1,0,00000000,00000000,0000
49,49,0,1,1,1,c0,1,0,0,00000000,00000000,0000
50,50,0,1,1,1,c0,1,1,0,00000000,00000000,0000
51,51,0,1,1,1,c0,1,0,0,00000000,00000000,0000
52,52,0,1,1,1,c0,1,1,0,00000000,00000000,0000
53,53,0,1,1,1,c0,1,0,0,00000000,00000000,0000
54,54,0,1,1,1,c0,1,1,0,00000000,00000000,0000
55,55,0,1,1,1,c0,1,0,0,00000000,00000000,0000
56,56,0,1,1,1,c0,1,1,0,00000000,00000000,0000
57,57,0,1,1,1,c0,1,0,0,00000000,00000000,0000
58,58,0,1,1,1,c0,1,1,0,00000000,00000000,0000
59,59,0,1,1,1,c0,1,0,0,00000000,00000000,0000
60,60,0,1,1,1,c0,1,1,0,00000000,00000000,0000
61,61,0,1,1,1,c0,1,0,0,00000000,00000000,0000
62,62,0,1,1,1,c0,1,1,0,00000000,00000000,0000
63,63,1,1,1,1,c0,0,1,0,00000000,00000000,0000
64,64,0,1,1,1,c0,0,0,0,00000000,00000000,0000
65,65,0,1,1,1,c0,0,1,1,00000000,00000000,0000
66,66,0,1,1,1,c0,0,0,1,00000000,00000000,0000
67,67,0,1,1,0,c0,0,1,2,00000000,00000000,0000
68,68,0,1,1,0,c0,0,0,2,00000000,00000000,0000
69,69,0,1,0,0,c0,0,1,3,00000000,00000000,0000
70,70,0,1,0,0,c0,0,0,3,00000000,00000000,0000
71,71,0,1,0,1,c0,0,1,4,00000000,00000000,0000
72,72,0,1,0,1,c0,0,0,4,00000000,00000000,0000
73,73,0,1,1,1,c0,0,1,5,00000000,00000000,0000
74,74,0,1,1,1,c0,0,0,5,00000000,00000000,0000
75,75,0,1,1,1,c0,0,1,6,00000000,00000000,0000
76,76,0,1,1,1,c0,0,0,6,00000000,00000000,0000
77,77,0,1,0,1,c0,0,1,7,00000000,00000000,0000
78,78,0,1,0,1,c0,0,0,7,00000000,00000000,0000
79,79,0,1,0,0,c0,0,1,8,00000000,00000000,0000
80,80,0,1,0,0,c0,0,0,8,00000000,00000000,0000
81,81,0,1,1,0,c0,0,1,9,00000000,00000000,0000
82,82,0,1,1,0,c0,0,0,9,00000000,00000000,0000
83,83,0,1,1,0,c0,0,1,10,00000000,00000000,0000
84,84,0,1,1,0,c0,0,0,10,00000000,00000000,0000
85,85,0,1,0,0,c0,0,1,11,00000000,00000000,0000
86,86,0,1,0,0,c0,0,0,11,00000000,00000000,0000
87,87,0,1,0,0,c0,0,1,12,00000000,00000000,0000
88,88,0,1,0,0,c0,0,0,12,00000000,00000000,0000
89,89,0,1,1,0,c0,0,1,13,00000000,00000000,0000
90,90,0,1,1,0,c0,0,0,13,00000000,00000000,0000
91,91,0,1,1,0,c0,0,1,14,00000000,00000000,0000
92,92,0,1,1,0,c0,0,0,14,00000000,00000000,0000
93,93,0,1,0,0,c0,0,1,15,00000000,00000000,0000
94,94,0,1,0,0,c0,0,0,15,00000000,00000000,0000
95,95,0,1,0,1,c0,0,1,16,00000000,00000000,0000
96,96,0,1,0,1,c0,0,0,16,00000000,00000000,0000
97,97,0,1,1,1,c0,0,1,17,00000000,00000000,0000
98,98,0,1,1,1,c0,0,0,17,00000000,00000000,0000
99,99,0,1,1,1,c0,0,1,18,00000000,00000000,0000
100,100,0,1,1,1,c0,0,0,18,00000000,00000000,0000
101,101,0,1,0,1,c0,0,1,19,00000000,00000000,0000
102,102,0,1,0,1,c0,0,0,19,00000000,00000000,0000
103,103,0,1,0,0,c0,0,1,20,00000000,00000000,0000
104,104,0,1,0,0,c0,0,0,20,00000000,00000000,0000
105,105,0,1,1,0,c0,0,1,21,00000000,00000000,0000
106,106,0,1,1,0,c0,0,0,21,00000000,00000000,0000
107,107,0,1,1,0,c0,0,1,22,00000000,00000000,0000
108,108,0,1,1,0,c0,0,0,22,00000000,00000000,0000
109,109,0,1,0,0,c0,0,1,23,00000000,00000000,0000
110,110,0,1,0,0,c0,0,0,23,00000000,00000000,0000
111,111,0,1,0,0,c0,0,1,24,00000000,00000000,0000
112,112,0,1,0,0,c0,0,0,24,00000000,00000000,0000
113,113,0,1,1,0,c0,0,1,25,00000000,00000000,0000
114,114,0,1,1,0,c0,0,0,25,00000000,00000000,0000
115,115,0,1,1,0,c0,0,1,26,00000000,00000000,0000
116,116,0,1,1,0,c0,0,0,26,00000000,00000000,0000
117,117,0,1,0,0,c0,0,1,27,00000000,00000000,0000
118,118,0,1,0,0,c0,0,0,27,00000000,00000000,0000
119,119,0,1,0,0,c0,0,1,28,00000000,00000000,0000
120,120,0,1,0,0,c0,0,0,28,00000000,00000000,0000
121,121,0,1,1,0,c0,0,1,29,00000000,00000000,0000
122,122,0,1,1,0,c0,0,0,29,00000000,00000000,0000
123,123,0,1,1,0,c0,0,1,30,00000000,00000000,0000
124,124,0,1,1,0,c0,0,0,30,00000000,00000000,0000
125,125,0,1,0,0,c0,0,1,31,00000000,00000000,0000
126,126,0,1,0,0,c0,0,0,31,00000000,00000000,0000
127,127,0,1,0,0,c0,0,1,32,00000000,00000000,0000
128,128,0,1,0,0,c0,0,0,32,00000000,00000000,0000
129,129,0,1,1,0,c0,0,1,33,00000000,00000000,0000
130,130,0,1,1,0,c0,0,0,33,00000000,00000000,0000
131,131,0,1,1,0,c0,0,1,34,00000000,00000000,0000
132,132,0,1,1,0,c0,0,0,34,00000000,00000000,0000
133,133,0,1,0,0,c0,0,1,35,00000000,00000000,0000
134,134,0,1,0,0,c0,0,0,35,00000000,00000000,0000
135,135,0,1,0,0,c0,0,1,36,00000000,00000000,0000
136,136,0,1,0,0,c0,0,0,36,00000000,00000000,0000
137,137,0,1,1,0,c0,0,1,37,00000000,00000000,0000
138,138,0,1,1,0,c0,0,0,37,00000000,00000000,0000
139,139,0,0,1,0,40,0,1,38,00000000,00000000,0000
140,140,0,0,1,0,40,0,0,38,00000000,00000000,0000
141,141,0,0,0,0,40,0,1,43,00000000,00000000,0000
142,142,0,0,0,1,40,0,0,43,00000000,00000000,0000
143,143,0,0,0,0,40,0,1,44,00000000,00000000,0000
144,144,0,0,0,0,40,0,0,44,00000000,00000000,0000
145,145,0,0,1,0,40,0,1,45,00000000,00000000,0000
146,146,0,0,1,0,40,0,0,45,00000000,00000000,0000
147,147,0,0,1,0,40,0,1,46,00000000,00000000,0000
148,148,0,0,1,0,40,0,0,46,00000000,00000000,0000
149,149,0,0,0,0,40,0,1,47,00000000,00000000,0000
150,150,0,0,0,0,40,0,0,47,00000000,00000000,0000
151,151,0,0,0,0,40,0,1,48,00000000,00000000,0000
152,152,0,0,0,0,40,0,0,48,00000000,00000000,0000
153,153,0,0,1,0,40,0,1,49,00000000,00000000,0000
154,154,0,0,1,0,40,0,0,49,00000000,00000000,0000
155,155,0,0,1,0,40,0,1,50,00000000,00000000,0000
156,156,0,0,1,0,40,0,0,50,00000000,00000000,0000
157,157,0,0,0,0,40,0,1,51,00000000,00000000,0000
158,158,0,0,0,0,40,0,0,51,00000000,00000000,0000
159,159,0,0,0,0,40,0,1,52,00000000,00000000,0000
160,160,0,0,0,0,40,0,0,52,00000000,00000000,0000
161,161,0,0,1,0,40,0,1,53,00000000,00000000,0000
162,162,0,0,1,0,40,0,0,53,00000000,00000000,0000
163,163,0,0,1,0,40,0,1,54,00000000,00000000,0000
164,164,0,0,1,0,40,0,0,54,00000000,00000000,0000
165,165,0,0,0,0,40,0,1,55,00000000,00000000,0000
166,166,0,0,0,0,40,0,0,55,00000000,00000000,0000
167,167,0,0,0,0,40,0,1,56,00000000,00000000,0000
168,168,0,0,0,0,40,0,0,56,00000000,00000000,0000
169,169,0,0,1,0,40,0,1,57,00000000,00000000,0000
170,170,0,0,1,0,40,0,0,57,00000000,00000000,0000
171,171,0,0,1,0,40,0,1,58,00000000,00000000,0000
172,172,0,0,1,0,40,0,0,58,00000000,00000000,0000
173,173,0,0,0,0,40,0,1,63,00000000,00000000,0000
174,174,0,0,0,0,40,0,0,63,00000000,00000000,0000
175,175,0,0,0,0,40,0,1,64,00000000,00000000,0000
176,176,0,0,0,0,40,0,0,64,00000000,00000000,0000
177,177,0,0,1,0,40,0,1,65,00000000,00000000,0000
178,178,0,0,1,0,40,0,0,65,00000000,00000000,0000
179,179,0,0,1,0,40,0,1,66,00000000,00000000,0000
180,180,0,0,1,0,40,0,0,66,00000000,00000000,0000
181,181,0,0,0,0,40,0,1,67,00000000,00000000,0000
182,182,0,0,0,0,40,0,0,67,00000000,00000000,0000
183,183,0,0,0,0,40,0,1,68,00000000,00000000,0000
184,184,0,0,0,0,40,0,0,68,00000000,00000000,0000
185,185,0,0,1,0,40,0,1,69,00000000,00000000,0000
186,186,0,0,1,0,40,0,0,69,00000000,00000000,0000
187,187,0,0,1,0,40,0,1,70,00000000,00000000,0000
188,188,0,0,1,0,40,0,0,70,00000000,00000000,0000
189,189,0,0,0,0,40,0,1,71,00000000,00000000,0000
190,190,0,0,0,0,40,0,0,71,00000000,00000000,0000
191,191,0,0,0,0,40,0,1,72,00000000,00000000,0000
192,192,0,0,0,0,40,0,0,72,00000000,00000000,0000
193,193,0,0,1,0,40,0,1,73,00000000,00000000,0000
194,194,0,0,1,0,40,0,0,73,00000000,00000000,0000
195,195,0,0,1,0,40,0,1,74,00000000,00000000,0000
196,196,0,0,1,0,40,0,0,74,00000000,00000000,0000
197,197,0,0,0,0,40,0,1,75,00000000,00000000,0000
198,198,0,0,0,0,40,0,0,75,00000000,00000000,0000
199,199,0,0,0,0,40,0,1,76,00000000,00000000,0000
200,200,0,0,0,0,40,0,0,76,00000000,00000000,0000
201,201,0,0,1,0,40,0,1,77,00000000,00000000,0000
202,202,0,0,1,0,40,0,0,77,00000000,00000000,0000
203,203,0,0,1,0,40,0,1,78,00000000,00000000,0000
204,204,0,0,1,0,40,0,0,78,00000000,00000000,0000
205,205,0,0,0,0,40,0,1,79,00000000,00000000,0000
206,206,0,0,0,0,40,0,0,79,00000000,00000000,0000
207,207,0,0,0,0,40,0,1,80,00000000,00000000,0000
208,208,0,0,0,0,40,0,0,80,00000000,00000000,0000
209,209,0,0,1,0,40,0,1,81,00000000,00000000,0000
210,210,0,0,1,0,40,0,0,81,00000000,00000000,0000
211,211,0,0,1,0,40,0,1,82,00000000,00000000,0000
212,212,0,0,1,0,40,0,0,82,00000000,00000000,0000
213,213,0,0,0,0,40,0,1,83,00000000,00000000,0000
214,214,0,0,0,1,40,0,0,83,00000000,00000000,0000
215,215,0,0,0,1,40,0,1,87,00000000,00000000,0000
216,216,0,0,0,1,40,0,0,87,00000000,00000000,0000
217,217,0,0,1,1,40,0,1,1,00000000,00000000,0000
218,218,0,0,1,1,40,0,0,1,00000000,00000000,0000
219,219,0,0,1,0,40,0,1,2,00000000,00000000,0000
220,220,0,0,1,0,40,0,0,2,00000000,00000000,0000
221,221,0,0,0,0,40,0,1,3,00000000,00000000,0000
222,222,0,0,0,0,40,0,0,3,00000000,00000000,0000
223,223,0,0,0,1,40,0,1,4,00000000,00000000,0000
224,224,0,0,0,1,40,0,0,4,00000000,00000000,0000
225,225,0,0,1,1,40,0,1,5,00000000,00000000,0000
226,226,0,0,1,1,40,0,0,5,00000000,00000000,0000
227,227,0,0,1,1,40,0,1,6,00000000,00000000,0000
228,228,0,0,1,1,40,0,0,6,00000000,00000000,0000
229,229,0,0,0,1,40,0,1,7,00000000,00000000,0000
230,230,0,0,0,1,40,0,0,7,00000000,00000000,0000
231,231,0,0,0,0,40,0,1,8,00000000,00000000,0000
232,232,0,0,0,0,40,0,0,8,00000000,00000000,0000
233,233,0,0,1,0,40,0,1,9,00000000,00000000,0000
234,234,0,0,1,0,40,0,0,9,00000000,00000000,0000
235,235,0,0,1,0,40,0,1,10,00000000,00000000,0000
236,236,0,0,1,0,40,0,0,10,00000000,00000000,0000
237,237,0,0,0,0,40,0,1,11,00000000,00000000,0000
238,238,0,0,0,0,40,0,0,11,00000000,00000000,0000
239,239,0,0,0,0,40,0,1,12,00000000,00000000,0000
240,240,0,0,0,0,40,0,0,12,00000000,00000000,0000
241,241,0,0,1,0,40,0,1,13,00000000,00000000,0000
242,242,0,0,1,0,40,0,0,13,00000000,00000000,0000
243,243,0,0,1,0,40,0,1,14,00000000,00000000,0000
244,244,0,0,1,0,40,0,0,14,00000000,00000000,0000
245,245,0,0,0,0,40,0,1,15,00000000,00000000,0000
246,246,0,0,0,0,40,0,0,15,00000000,00000000,0000
247,247,0,0,0,1,40,0,1,16,00000000,00000000,0000
248,248,0,0,0,1,40,0,0,16,00000000,00000000,0000
249,249,0,0,1,1,40,0,1,17,00000000,00000000,0000
250,250,0,0,1,1,40,0,0,17,00000000,00000000,0000
251,251,0,0,1,1,40,0,1,18,00000000,00000000,0000
252,252,0,0,1,1,40,0,0,18,00000000,00000000,0000
253,253,0,0,0,1,40,0,1,19,00000000,00000000,0000
254,254,0,0,0,1,40,0,0,19,00000000,00000000,0000
255,255,0,0,0,0,40,0,1,20,00000000,00000000,0000
256,256,0,0,0,0,40,0,0,20,00000000,00000000,0000
257,257,0,0,1,0,40,0,1,21,00000000,00000000,0000
258,258,0,0,1,0,40,0,0,21,00000000,00000000,0000
259,259,0,0,1,0,40,0,1,22,00000000,00000000,0000
260,260,0,0,1,0,40,0,0,22,00000000,00000000,0000
261,261,0,0,0,0,40,0,1,23,00000000,00000000,0000
262,262,0,0,0,0,40,0,0,23,00000000,00000000,0000
263,263,0,0,0,0,40,0,1,24,00000000,00000000,0000
264,264,0,0,0,0,40,0,0,24,00000000,00000000,0000
265,265,0,0,1,0,40,0,1,25,00000000,00000000,0000
266,266,0,0,1,0,40,0,0,25,00000000,00000000,0000
267,267,0,0,1,0,40,0,1,26,00000000,00000000,0000
268,268,0,0,1,0,40,0,0,26,00000000,00000000,0000
269,269,0,0,0,0,40,0,1,27,00000000,00000000,0000
270,270,0,0,0,0,40,0,0,27,00000000,00000000,0000
271,271,0,0,0,0,40,0,1,28,00000000,00000000,0000
272,272,0,0,0,0,40,0,0,28,00000000,00000000,0000
273,273,0,0,1,0,40,0,1,29,00000000,00000000,0000
274,274,0,0,1,0,40,0,0,29,00000000,00000000,0000
275,275,0,0,1,0,40,0,1,30,00000000,00000000,0000
276,276,0,0,1,0,40,0,0,30,00000000,00000000,0000
277,277,0,0,0,0,40,0,1,31,00000000,00000000,0000
278,278,0,0,0,0,40,0,0,31,00000000,00000000,0000
279,279,0,0,0,1,40,0,1,32,00000000,00000000,0000
280,280,0,0,0,1,40,0,0,32,00000000,00000000,0000
281,281,0,0,1,1,40,0,1,33,00000000,00000000,0000
282,282,0,0,1,1,40,0,0,33,00000000,00000000,0000
283,283,0,0,1,1,40,0,1,34,00000000,00000000,0000
284,284,0,0,1,1,40,0,0,34,00000000,00000000,0000
285,285,0,0,0,1,40,0,1,35,00000000,00000000,0000
286,286,0,0,0,1,40,0,0,35,00000000,00000000,0000
287,287,0,0,0,0,40,0,1,36,00000000,00000000,0000
288,288,0,0,0,0,40,0,0,36,00000000,00000000,0000
289,289,0,0,1,0,40,0,1,37,00000000,00000000,0000
290,290,0,0,1,0,40,0,0,37,00000000,00000000,0000
291,291,0,0,1,0,40,0,1,38,00000000,00000000,0000
292,292,0,0,1,0,40,0,0,38,00000000,00000000,0000
293,293,0,0,0,0,40,0,1,88,00000000,00000000,0000
294,294,0,0,0,0,40,0,0,88,00000000,00000000,0000
295,295,0,0,0,0,40,0,1,89,00000000,00000000,0000
296,296,0,0,0,0,40,0,0,89,00000000,00000000,0000
297,297,0,0,1,0,40,0,1,90,00000000,00000000,0000
298,298,0,0,1,0,40,0,0,90,00000000,00000000,0000
299,299,0,0,1,0,40,0,1,91,00000000,00000000,0000
300,300,0,0,1,0,40,0,0,91,00000000,00000000,0000
301,301,0,0,0,0,40,0,1,92,00000000,00000000,0000
302,302,0,0,0,0,40,0,0,92,00000000,00000000,0000
303,303,0,0,0,0,40,0,1,93,00000000,00000000,0000
304,304,0,0,0,0,40,0,0,93,00000000,00000000,0000
305,305,0,0,1,0,40,0,1,94,00000000,00000000,0000
306,306,0,0,1,0,40,0,0,94,00000000,00000000,0000
307,307,0,0,1,0,40,0,1,95,00000000,00000000,0000
308,308,0,0,1,0,40,0,0,95,00000000,00000000,0000
309,309,0,0,0,0,40,0,1,96,00000000,00000000,0000
310,310,0,0,0,0,40,0,0,96,00000000,00000000,0000
311,311,0,0,0,0,40,0,1,97,00000000,00000000,0000
312,312,0,0,0,0,40,0,0,97,00000000,00000000,0000
313,313,0,0,1,0,40,0,1,98,00000000,00000000,0000
314,314,0,0,1,0,40,0,0,98,00000000,00000000,0000
315,315,0,0,1,0,40,0,1,99,00000000,00000000,0000
316,316,0,0,1,0,40,0,0,99,00000000,00000000,0000
317,317,0,0,0,0,40,0,1,100,00000000,00000000,0000
318,318,0,0,0,0,40,0,0,100,00000000,00000000,0000
319,319,0,0,0,0,40,0,1,101,00000000,00000000,0000
320,320,0,0,0,0,40,0,0,101,00000000,00000000,0000
321,321,0,0,1,0,40,0,1,102,00000000,00000000,0000
322,322,0,0,1,0,40,0,0,102,00000000,00000000,0000
323,323,0,0,1,0,40,0,1,103,00000000,00000000,0000
324,324,0,0,1,0,40,0,0,103,00000000,00000000,0000
325,325,0,0,0,0,40,0,1,104,00000000,00000000,0000
326,326,0,0,0,1,40,0,0,104,00000000,00000000,0000
327,327,0,0,0,1,40,0,1,105,00000000,00000000,0000
328,328,0,0,0,1,40,0,0,105,00000000,00000000,0000
329,329,0,0,1,1,40,0,1,106,00000000,00000000,0000
330,330,0,0,1,1,40,0,0,106,00000000,00000000,0000
331,331,0,0,1,1,40,0,1,107,00001000,00000000,0000
332,332,0,0,1,1,40,0,0,107,00001000,00000000,0000
333,333,0,0,0,1,40,0,1,108,00001000,00000000,0000
334,334,0,0,0,1,40,0,0,108,00001000,00000000,0000
335,335,0,0,0,1,40,0,1,109,00001000,00000000,0000
336,336,0,0,0,1,40,0,0,109,00001000,00000000,0000
337,337,0,0,1,1,40,0,1,110,00001000,00000000,0000
338,338,0,0,1,1,40,0,0,110,00001000,00000000,0000
339,339,0,0,1,1,40,0,1,111,00001100,00000000,0000
340,340,0,0,1,1,40,0,0,111,00001100,00000000,0000
341,341,0,0,0,1,40,0,1,112,00001100,00000000,0000
342,342,0,0,0,0,40,0,0,112,00001100,00000000,0000
343,343,0,0,0,0,40,0,1,113,00001100,00000000,0000
344,344,0,0,0,0,40,0,0,113,00001100,00000000,0000
345,345,0,0,1,0,40,0,1,114,00001100,00000000,0000
346,346,0,0,1,0,40,0,0,114,00001100,00000000,0000
347,347,0,0,1,0,40,0,1,115,00001100,00000000,0000
348,348,0,0,1,0,40,0,0,115,00001100,00000000,0000
349,349,0,0,0,0,40,0,1,116,00001100,00000000,0000
350,350,0,0,0,1,40,0,0,116,00001100,00000000,0000
351,351,0,0,0,1,40,0,1,117,00001100,00000000,0000
352,352,0,0,0,1,40,0,0,117,00001100,00000000,0000
353,353,0,0,1,1,40,0,1,118,00001100,00000000,0000
354,354,0,0,1,1,40,0,0,118,00001100,00000000,0000
355,355,0,0,1,1,40,0,1,119,00001101,00000000,0000
356,356,0,0,1,1,40,0,0,119,00001101,00000000,0000
357,357,0,0,0,1,40,0,1,120,00001101,00000000,0000
358,358,0,0,0,1,40,0,0,120,00001101,00000000,0000
359,359,0,0,0,0,40,0,1,121,00001101,00000000,0000
360,360,0,0,0,0,40,0,0,121,00001101,00000000,0000
361,361,0,0,1,0,40,0,1,122,00001101,00000000,0000
362,362,0,0,1,0,40,0,0,122,00001101,00000000,0000
363,363,0,0,1,0,40,0,1,123,00001101,00000000,0000
364,364,0,0,1,0,40,0,0,123,00001101,00000000,0000
365,365,0,0,0,0,40,0,1,124,00001101,00000000,0000
366,366,0,0,0,0,40,0,0,124,00001101,00000000,0000
367,367,0,0,0,0,40,0,1,125,00001101,00000000,0000
368,368,0,0,0,0,40,0,0,125,00001101,00000000,0000
369,369,0,0,1,0,40,0,1,126,00001101,00000000,0000
370,370,0,0,1,0,40,0,0,126,00001101,00000000,0000
371,371,0,0,1,0,40,0,1,127,00001101,00000000,0000
372,372,0,0,1,0,40,0,0,127,00001101,00000000,0000
373,373,0,0,0,0,40,0,1,128,00001101,00000000,0000
374,374,0,0,0,0,40,0,0,128,00001101,00000000,0000
375,375,0,0,0,0,40,0,1,129,00001101,00000000,0000
376,376,0,0,0,0,40,0,0,129,00001101,00000000,0000
377,377,0,0,1,0,40,0,1,130,00001101,00000000,0000
378,378,0,0,1,0,40,0,0,130,00001101,00000000,0000
379,379,0,0,1,0,40,0,1,131,00001101,00000000,0000
380,380,0,0,1,0,40,0,0,131,00001101,00000000,0000
381,381,0,0,0,0,40,0,1,132,00001101,00000000,0000
382,382,0,0,0,0,40,0,0,132,00001101,00000000,0000
383,383,0,0,0,0,40,0,1,133,00001101,00000000,0000
384,384,0,0,0,0,40,0,0,133,00001101,00000000,0000
385,385,0,0,1,0,40,0,1,134,00001101,00000000,0000
386,386,0,0,1,0,40,0,0,134,00001101,00000000,0000
387,387,0,0,1,0,40,0,1,135,00001101,00000000,0000
388,388,0,0,1,0,40,0,0,135,00001101,00000000,0000
389,389,0,0,0,0,40,0,1,136,00001101,00000000,0000
390,390,0,0,0,0,40,0,0,136,00001101,00000000,0000
391,391,0,0,0,0,40,0,1,137,00001101,00000000,0000
392,392,0,0,0,0,40,0,0,137,00001101,00000000,0000
393,393,0,0,1,0,40,0,1,138,00001101,00000000,0000
394,394,0,0,1,0,40,0,0,138,00001101,00000000,0000
395,395,0,0,1,0,40,0,1,139,00001101,00000000,0000
396,396,0,0,1,0,40,0,0,139,00001101,00000000,0000
397,397,0,0,0,0,40,0,1,140,00001101,00000000,0000
398,398,0,0,0,0,40,0,0,140,00001101,00000000,0000
399,399,0,0,0,0,40,0,1,141,00001101,00000000,0000
400,400,0,0,0,0,40,0,0,141,00001101,00000000,0000
401,401,0,0,1,0,40,0,1,142,00001101,00000000,0000
402,402,0,0,1,0,40,0,0,142,00001101,00000000,0000
403,403,0,0,1,0,40,0,1,143,00001101,00000000,0000
404,404,0,0,1,0,40,0,0,143,00001101,00000000,0000
405,405,0,0,0,0,40,0,1,144,00001101,00000000,0000
406,406,0,0,0,0,40,0,0,144,00001101,00000000,0000
407,407,0,0,0,0,40,0,1,145,00001101,00000000,0000
408,408,0,0,0,0,40,0,0,145,00001101,00000000,0000
409,409,0,0,1,0,40,0,1,146,00001101,00000000,0000
410,410,0,0,1,0,40,0,0,146,00001101,00000000,0000
411,411,0,0,1,0,40,0,1,147,00001101,00000000,0000
412,412,0,0,1,0,40,0,0,147,00001101,00000000,0000
413,413,0,0,0,0,40,0,1,148,00001101,00000000,0000
414,414,0,0,0,0,40,0,0,148,00001101,00000000,0000
415,415,0,0,0,0,40,0,1,149,00001101,00000000,0000
416,416,0,0,0,0,40,0,0,149,00001101,00000000,0000
417,417,0,0,1,0,40,0,1,150,00001101,00000000,0000
418,418,0,0,1,0,40,0,0,150,00001101,00000000,0000
419,419,0,0,1,0,40,0,1,151,00001101,00000000,0000
420,420,0,0,1,0,40,0,0,151,00001101,00000000,0000
421,421,0,0,0,0,40,0,1,152,00001101,00000000,0000
422,422,0,0,0,0,40,0,0,152,00001101,00000000,0000
423,423,0,0,0,0,40,0,1,153,00001101,00000000,0000
424,424,0,0,0,0,40,0,0,153,00001101,00000000,0000
425,425,0,0,1,0,40,0,1,154,00001101,00000000,0000
426,426,0,0,1,0,40,0,0,154,00001101,00000000,0000
427,427,0,0,1,0,40,0,1,155,00001101,00000000,0000
428,428,0,0,1,0,40,0,0,155,00001101,00000000,0000
429,429,0,0,0,0,40,0,1,156,00001101,00000000,0000
430,430,0,0,0,0,40,0,0,156,00001101,00000000,0000
431,431,0,1,0,1,c0,0,1,157,00001101,00000000,0000
432,432,0,1,0,1,c0,0,0,157,00001101,00000000,0000
433,433,0,1,1,1,c0,0,1,158,00001101,00000000,0000
434,434,0,1,1,1,c0,0,0,158,00001101,00000000,0000
435,435,0,1,1,1,c0,0,1,159,00001101,00000000,0000
436,436,0,1,1,1,c0,0,0,159,00001101,00000000,0000
437,437,0,1,0,1,c0,0,1,1,00001101,00000000,0d00
438,438,0,1,0,1,c0,0,0,1,00001101,00000000,0d00
439,439,0,1,1,0,c0,0,1,2,00000000,00000000,0d00
440,440,0,1,1,0,c0,0,0,2,00000000,00000000,0d00
441,441,0,1,0,0,c0,0,1,3,00000000,00000000,0d00
442,442,0,1,0,0,c0,0,0,3,00000000,00000000,0d00
443,443,0,1,0,1,c0,0,1,4,00000000,00000000,0d00
444,444,0,1,0,1,c0,0,0,4,00000000,00000000,0d00
445,445,0,1,1,1,c0,0,1,5,00000000,00000000,0d00
446,446,0,1,1,1,c0,0,0,5,00000000,00000000,0d00
447,447,0,1,1,1,c0,0,1,6,00000000,00000000,0d00
448,448,0,1,1,1,c0,0,0,6,00000000,00000000,0d00
449,449,0,1,0,1,c0,0,1,7,00000000,00000000,0d00
450,450,0,1,0,1,c0,0,0,7,00000000,00000000,0d00
451,451,0,1,0,0,c0,0,1,8,00000000,00000000,0d00
452,452,0,1,0,0,c0,0,0,8,00000000,00000000,0d00
453,453,0,1,1,0,c0,0,1,9,00000000,00000000,0d00
454,454,0,1,1,0,c0,0,0,9,00000000,00000000,0d00
455,455,0,1,1,0,c0,0,1,10,00000000,00000000,0d00
456,456,0,1,1,0,c0,0,0,10,00000000,00000000,0d00
457,457,0,1,0,0,c0,0,1,11,00000000,00000000,0d00
458,458,0,1,0,0,c0,0,0,11,00000000,00000000,0d00
459,459,0,1,0,0,c0,0,1,12,00000000,00000000,0d00
460,460,0,1,0,0,c0,0,0,12,00000000,00000000,0d00
461,461,0,1,1,0,c0,0,1,13,00000000,00000000,0d00
462,462,0,1,1,0,c0,0,0,13,00000000,00000000,0d00
463,463,0,1,1,0,c0,0,1,14,00000000,00000000,0d00
464,464,0,1,1,0,c0,0,0,14,00000000,00000000,0d00
465,465,0,1,0,0,c0,0,1,15,00000000,00000000,0d00
466,466,0,1,0,0,c0,0,0,15,00000000,00000000,0d00
467,467,0,1,0,1,c0,0,1,16,00000000,00000000,0d00
468,468,0,1,0,1,c0,0,0,16,00000000,00000000,0d00
469,469,0,1,1,1,c0,0,1,17,00000000,00000000,0d00
470,470,0,1,1,1,c0,0,0,17,00000000,00000000,0d00
471,471,0,1,1,1,c0,0,1,18,00000000,00000000,0d00
472,472,0,1,1,1,c0,0,0,18,00000000,00000000,0d00
473,473,0,1,0,1,c0,0,1,19,00000000,00000000,0d00
474,474,0,1,0,1,c0,0,0,19,00000000,00000000,0d00
475,475,0,1,0,0,c0,0,1,20,00000000,00000000,0d00
476,476,0,1,0,0,c0,0,0,20,00000000,00000000,0d00
477,477,0,1,1,0,c0,0,1,21,00000000,00000000,0d00
478,478,0,1,1,0,c0,0,0,21,00000000,00000000,0d00
479,479,0,1,1,0,c0,0,1,22,00000000,00000000,0d00
480,480,0,1,1,0,c0,0,0,22,00000000,00000000,0d00
481,481,0,1,0,0,c0,0,1,23,00000000,00000000,0d00
482,482,0,1,0,0,c0,0,0,23,00000000,00000000,0d00
483,483,0,1,0,0,c0,0,1,24,00000000,00000000,0d00
484,484,0,1,0,0,c0,0,0,24,00000000,00000000,0d00
485,485,0,1,1,0,c0,0,1,25,00000000,00000000,0d00
486,486,0,1,1,0,c0,0,0,25,00000000,00000000,0d00
487,487,0,1,1,0,c0,0,1,26,00000000,00000000,0d00
488,488,0,1,1,0,c0,0,0,26,00000000,00000000,0d00
489,489,0,1,0,0,c0,0,1,27,00000000,00000000,0d00
490,490,0,1,0,0,c0,0,0,27,00000000,00000000,0d00
491,491,0,1,0,0,c0,0,1,28,00000000,00000000,0d00
492,492,0,1,0,0,c0,0,0,28,00000000,00000000,0d00
493,493,0,1,1,0,c0,0,1,29,00000000,00000000,0d00
494,494,0,1,1,0,c0,0,0,29,00000000,00000000,0d00
495,495,0,1,1,0,c0,0,1,30,00000000,00000000,0d00
496,496,0,1,1,0,c0,0,0,30,00000000,00000000,0d00
497,497,0,1,0,0,c0,0,1,31,00000000,00000000,0d00
498,498,0,1,0,0,c0,0,0,31,00000000,00000000,0d00
499,499,0,1,0,0,c0,0,1,32,00000000,00000000,0d00
500,500,0,1,0,0,c0,0,0,32,00000000,00000000,0d00
501,501,0,1,1,0,c0,0,1,33,00000000,00000000,0d00
502,502,0,1,1,0,c0,0,0,33,00000000,00000000,0d00
503,503,0,1,1,0,c0,0,1,34,00000000,00000000,0d00
504,504,0,1,1,0,c0,0,0,34,00000000,00000000,0d00
505,505,0,1,0,0,c0,0,1,35,00000000,00000000,0d00
506,506,0,1,0,0,c0,0,0,35,00000000,00000000,0d00
507,507,0,1,0,0,c0,0,1,36,00000000,00000000,0d00
508,508,0,1,0,1,c0,0,0,36,00000000,00000000,0d00
509,509,0,1,1,1,c0,0,1,37,00000000,00000000,0d00
510,510,0,1,1,1,c0,0,0,37,00000000,00000000,0d00
511,511,0,1,1,1,c0,0,1,38,00000000,00000000,0d00
512,512,0,1,1,1,c0,0,0,38,00000000,00000000,0d00
513,513,0,1,0,1,c0,0,1,43,00000000,00000000,0d00
514,514,0,1,0,1,c0,0,0,43,00000000,00000000,0d00
515,515,0,1,0,0,c0,0,1,44,00000000,00000000,0d00
516,516,0,1,0,0,c0,0,0,44,00000000,00000000,0d00
517,517,0,1,1,0,c0,0,1,45,00000000,00000000,0d00
518,518,0,1,1,0,c0,0,0,45,00000000,00000000,0d00
519,519,0,1,1,0,c0,0,1,46,00000000,00000000,0d00
520,520,0,1,1,0,c0,0,0,46,00000000,00000000,0d00
521,521,0,1,0,0,c0,0,1,47,00000000,00000000,0d00
522,522,0,1,0,0,c0,0,0,47,00000000,00000000,0d00
523,523,0,1,0,0,c0,0,1,48,00000000,00000000,0d00
524,524,0,1,0,0,c0,0,0,48,00000000,00000000,0d00
525,525,0,1,1,0,c0,0,1,49,00000000,00000000,0d00
526,526,0,1,1,0,c0,0,0,49,00000000,00000000,0d00
527,527,0,1,1,0,c0,0,1,50,00000000,00000000,0d00
528,528,0,1,1,0,c0,0,0,50,00000000,00000000,0d00
529,529,0,1,0,0,c0,0,1,51,00000000,00000000,0d00
530,530,0,1,0,0,c0,0,0,51,00000000,00000000,0d00
531,531,0,1,0,0,c0,0,1,52,00000000,00000000,0d00
532,532,0,1,0,0,c0,0,0,52,00000000,00000000,0d00
533,533,0,1,1,0,c0,0,1,53,00000000,00000000,0d00
534,534,0,1,1,0,c0,0,0,53,00000000,00000000,0d00
535,535,0,1,1,0,c0,0,1,54,00000000,00000000,0d00
536,536,0,1,1,0,c0,0,0,54,00000000,00000000,0d00
537,537,0,1,0,0,c0,0,1,55,00000000,00000000,0d00
538,538,0,1,0,0,c0,0,0,55,00000000,00000000,0d00
539,539,0,1,0,0,c0,0,1,56,00000000,00000000,0d00
540,540,0,1,0,0,c0,0,0,56,00000000,00000000,0d00
541,541,0,1,1,0,c0,0,1,57,00000000,00000000,0d00
542,542,0,1,1,0,c0,0,0,57,00000000,00000000,0d00
543,543,0,1,1,0,c0,0,1,58,00000000,00000000,0d00
544,544,0,1,1,0,c0,0,0,58,00000000,00000000,0d00
545,545,0,1,0,0,c0,0,1,63,00000000,00000000,0d00
546,546,0,1,0,0,c0,0,0,63,00000000,00000000,0d00
547,547,0,1,0,0,c0,0,1,64,00000000,00000000,0d00
548,548,0,1,0,0,c0,0,0,64,00000000,00000000,0d00
549,549,0,1,1,0,c0,0,1,65,00000000,00000000,0d00
550,550,0,1,1,0,c0,0,0,65,00000000,00000000,0d00
551,551,0,1,1,0,c0,0,1,66,00000000,00000000,0d00
552,552,0,1,1,0,c0,0,0,66,00000000,00000000,0d00
553,553,0,1,0,0,c0,0,1,67,00000000,00000000,0d00
554,554,0,1,0,0,c0,0,0,67,00000000,00000000,0d00
555,555,0,1,0,0,c0,0,1,68,00000000,00000000,0d00
556,556,0,1,0,0,c0,0,0,68,00000000,00000000,0d00
557,557,0,1,1,0,c0,0,1,69,00000000,00000000,0d00
558,558,0,1,1,0,c0,0,0,69,00000000,00000000,0d00
559,559,0,1,1,0,c0,0,1,70,00000000,00000000,0d00
560,560,0,1,1,0,c0,0,0,70,00000000,00000000,0d00
561,561,0,1,0,0,c0,0,1,71,00000000,00000000,0d00
562,562,0,1,0,0,c0,0,0,71,00000000,00000000,0d00
563,563,0,1,0,0,c0,0,1,72,00000000,00000000,0d00
564,564,0,1,0,0,c0,0,0,72,00000000,00000000,0d00
565,565,0,1,1,0,c0,0,1,73,00000000,00000000,0d00
566,566,0,1,1,0,c0,0,0,73,00000000,00000000,0d00
567,567,0,1,1,0,c0,0,1,74,00000000,00000000,0d00
568,568,0,1,1,0,c0,0,0,74,00000000,00000000,0d00
569,569,0,1,0,0,c0,0,1,75,00000000,00000000,0d00
570,570,0,1,0,0,c0,0,0,75,00000000,00000000,0d00
571,571,0,1,0,0,c0,0,1,76,00000000,00000000,0d00
572,572,0,1,0,0,c0,0,0,76,00000000,00000000,0d00
573,573,0,1,1,0,c0,0,1,77,00000000,00000000,0d00
574,574,0,1,1,0,c0,0,0,77,00000000,00000000,0d00
575,575,0,1,1,0,c0,0,1,78,00000000,00000000,0d00
576,576,0,1,1,0,c0,0,0,78,00000000,00000000,0d00
577,577,0,1,0,0,c0,0,1,79,00000000,00000000,0d00
578,578,0,1,0,0,c0,0,0,79,00000000,00000000,0d00
579,579,0,1,0,0,c0,0,1,80,00000000,00000000,0d00
580,580,0,1,0,1,c0,0,0,80,00000000,00000000,0d00
581,581,0,1,1,1,c0,0,1,81,00000000,00000000,0d00
582,582,0,1,1,1,c0,0,0,81,00000000,00000000,0d00
583,583,0,1,1,1,c0,0,1,82,00000000,00000000,0d00
584,584,0,1,1,1,c0,0,0,82,00000000,00000000,0d00
585,585,0,1,0,1,c0,0,1,83,00000000,00000000,0d00
586,586,0,1,0,1,c0,0,0,83,00000000,00000000,0d00
587,587,0,1,0,1,c0,0,1,87,00000000,00000000,0d00
588,588,0,1,0,1,c0,0,0,87,00000000,00000000,0d00
589,589,0,1,1,1,c0,0,1,1,00000000,00000000,0d00
590,590,0,1,1,1,c0,0,0,1,00000000,00000000,0d00
591,591,0,1,1,0,c0,0,1,2,00000000,00000000,0d00
592,592,0,1,1,0,c0,0,0,2,00000000,00000000,0d00
593,593,0,1,0,0,c0,0,1,3,00000000,00000000,0d00
594,594,0,1,0,0,c0,0,0,3,00000000,00000000,0d00
595,595,0,1,0,1,c0,0,1,4,00000000,00000000,0d00
596,596,0,1,0,1,c0,0,0,4,00000000,00000000,0d00
597,597,0,1,1,1,c0,0,1,5,00000000,00000000,0d00
598,598,0,1,1,1,c0,0,0,5,00000000,00000000,0d00
599,599,0,1,1,1,c0,0,1,6,00000000,00000000,0d00
600,600,0,1,1,1,c0,0,0,6,00000000,00000000,0d00
601,601,0,1,0,1,c0,0,1,7,00000000,00000000,0d00
602,602,0,1,0,1,c0,0,0,7,00000000,00000000,0d00
603,603,0,1,0,0,c0,0,1,8,00000000,00000000,0d00
604,604,0,1,0,0,c0,0,0,8,00000000,00000000,0d00
605,605,0,1,1,0,c0,0,1,9,00000000,00000000,0d00
606,606,0,1,1,0,c0,0,0,9,00000000,00000000,0d00
607,607,0,1,1,0,c0,0,1,10,00000000,00000000,0d00
608,608,0,1,1,0,c0,0,0,10,00000000,00000000,0d00
609,609,0,1,0,0,c0,0,1,11,00000000,00000000,0d00
610,610,0,1,0,0,c0,0,0,11,00000000,00000000,0d00
611,611,0,1,0,0,c0,0,1,12,00000000,00000000,0d00
612,612,0,1,0,0,c0,0,0,12,00000000,00000000,0d00
613,613,0,1,1,0,c0,0,1,13,00000000,00000000,0d00
614,614,0,1,1,0,c0,0,0,13,00000000,00000000,0d00
615,615,0,1,1,0,c0,0,1,14,00000000,00000000,0d00
616,616,0,1,1,0,c0,0,0,14,00000000,00000000,0d00
617,617,0,1,0,0,c0,0,1,15,00000000,00000000,0d00
618,618,0,1,0,0,c0,0,0,15,00000000,00000000,0d00
619,619,0,1,0,1,c0,0,1,16,00000000,00000000,0d00
620,620,0,1,0,1,c0,0,0,16,00000000,00000000,0d00
621,621,0,1,1,1,c0,0,1,17,00000000,00000000,0d00
622,622,0,1,1,1,c0,0,0,17,00000000,00000000,0d00
623,623,0,1,1,1,c0,0,1,18,00000000,00000000,0d00
624,624,0,1,1,1,c0,0,0,18,00000000,00000000,0d00
625,625,0,1,0,1,c0,0,1,19,00000000,00000000,0d00
626,626,0,1,0,1,c0,0,0,19,00000000,00000000,0d00
627,627,0,1,0,0,c0,0,1,20,00000000,00000000,0d00
628,628,0,1,0,0,c0,0,0,20,00000000,00000000,0d00
629,629,0,1,1,0,c0,0,1,21,00000000,00000000,0d00
630,630,0,1,1,0,c0,0,0,21,00000000,00000000,0d00
631,631,0,1,1,0,c0,0,1,22,00000000,00000000,0d00
632,632,0,1,1,0,c0,0,0,22,00000000,00000000,0d00
633,633,0,1,0,0,c0,0,1,23,00000000,00000000,0d00
634,634,0,1,0,0,c0,0,0,23,00000000,00000000,0d00
635,635,0,1,0,0,c0,0,1,24,00000000,00000000,0d00
636,636,0,1,0,0,c0,0,0,24,00000000,00000000,0d00
637,637,0,1,1,0,c0,0,1,25,00000000,00000000,0d00
638,638,0,1,1,0,c0,0,0,25,00000000,00000000,0d00
639,639,0,1,1,0,c0,0,1,26,00000000,00000000,0d00
640,640,0,1,1,0,c0,0,0,26,00000000,00000000,0d00
641,641,0,1,0,0,c0,0,1,27,00000000,00000000,0d00
642,642,0,1,0,0,c0,0,0,27,00000000,00000000,0d00
643,643,0,1,0,0,c0,0,1,28,00000000,00000000,0d00
644,644,0,1,0,0,c0,0,0,28,00000000,00000000,0d00
645,645,0,1,1,0,c0,0,1,29,00000000,00000000,0d00
646,646,0,1,1,0,c0,0,0,29,00000000,00000000,0d00
647,647,0,1,1,0,c0,0,1,30,00000000,00000000,0d00
648,648,0,1,1,0,c0,0,0,30,00000000,00000000,0d00
649,649,0,1,0,0,c0,0,1,31,00000000,00000000,0d00
650,650,0,1,0,0,c0,0,0,31,00000000,00000000,0d00
651,651,0,1,0,1,c0,0,1,32,00000000,00000000,0d00
652,652,0,1,0,1,c0,0,0,32,00000000,00000000,0d00
653,653,0,1,1,1,c0,0,1,33,00000000,00000000,0d00
654,654,0,1,1,1,c0,0,0,33,00000000,00000000,0d00
655,655,0,1,1,1,c0,0,1,34,00000000,00000000,0d00
656,656,0,1,1,1,c0,0,0,34,00000000,00000000,0d00
657,657,0,1,0,1,c0,0,1,35,00000000,00000000,0d00
658,658,0,1,0,1,c0,0,0,35,00000000,00000000,0d00
659,659,0,1,0,0,c0,0,1,36,00000000,00000000,0d00
660,660,0,1,0,0,c0,0,0,36,00000000,00000000,0d00
661,661,0,1,1,0,c0,0,1,37,00000000,00000000,0d00
662,662,0,1,1,0,c0,0,0,37,00000000,00000000,0d00
663,663,0,0,1,0,40,0,1,38,00000000,00000000,0d00
664,664,0,0,1,0,40,0,0,38,00000000,00000000,0d00
665,665,0,0,0,0,40,0,1,88,00000000,00000000,0d00
666,666,0,0,0,0,40,0,0,88,00000000,00000000,0d00
667,667,0,0,0,0,40,0,1,89,00000000,00000000,0d00
668,668,0,0,0,0,40,0,0,89,00000000,00000000,0d00
669,669,0,0,1,0,40,0,1,90,00000000,00000000,0d00
670,670,0,0,1,0,40,0,0,90,00000000,00000000,0d00
671,671,0,0,1,0,40,0,1,91,00000000,00000000,0d00
672,672,0,0,1,0,40,0,0,91,00000000,00000000,0d00
673,673,0,0,0,0,40,0,1,92,00000000,00000000,0d00
674,674,0,0,0,0,40,0,0,92,00000000,00000000,0d00
675,675,0,0,0,0,40,0,1,93,00000000,00000000,0d00
676,676,0,0,0,0,40,0,0,93,00000000,00000000,0d00
677,677,0,0,1,0,40,0,1,94,00000000,00000000,0d00
678,678,0,0,1,0,40,0,0,94,00000000,00000000,0d00
679,679,0,0,1,0,40,0,1,95,00000000,00000000,0d00
680,680,0,0,1,0,40,0,0,95,00000000,00000000,0d00
681,681,0,0,0,0,40,0,1,96,00000000,00000000,0d00
682,682,0,0,0,0,40,0,0,96,00000000,00000000,0d00
683,683,0,0,0,0,40,0,1,97,00000000,00000000,0d00
684,684,0,0,0,0,40,0,0,97,00000000,00000000,0d00
685,685,0,0,1,0,40,0,1,98,00000000,00000000,0d00
686,686,0,0,1,0,40,0,0,98,00000000,00000000,0d00
687,687,0,0,1,0,40,0,1,99,00000000,00000000,0d00
688,688,0,0,1,0,40,0,0,99,00000000,00000000,0d00
689,689,0,0,0,0,40,0,1,100,00000000,00000000,0d00
690,690,0,0,0,0,40,0,0,100,00000000,00000000,0d00
691,691,0,0,0,0,40,0,1,101,00000000,00000000,0d00
692,692,0,0,0,0,40,0,0,101,00000000,00000000,0d00
693,693,0,0,1,0,40,0,1,102,00000000,00000000,0d00
694,694,0,0,1,0,40,0,0,102,00000000,00000000,0d00
695,695,0,0,1,0,40,0,1,103,00000000,00000000,0d00
696,696,0,0,1,0,40,0,0,103,00000000,00000000,0d00
697,697,0,0,0,0,40,0,1,104,00000000,00000000,0d00
698,698,0,0,0,1,40,0,0,104,00000000,00000000,0d00
699,699,0,0,0,1,40,0,1,105,00000000,00000000,0d00
700,700,0,0,0,1,40,0,0,105,00000000,00000000,0d00
701,701,0,0,1,1,40,0,1,106,00000000,00000000,0d00
702,702,0,0,1,1,40,0,0,106,00000000,00000000,0d00
703,703,0,0,1,1,40,0,1,107,00001000,00000000,0d00
704,704,0,0,1,1,40,0,0,107,00001000,00000000,0d00
705,705,0,0,0,1,40,0,1,108,00001000,00000000,0d00
706,706,0,0,0,1,40,0,0,108,00001000,00000000,0d00
707,707,0,0,0,1,40,0,1,109,00001000,00000000,0d00
708,708,0,0,0,1,40,0,0,109,00001000,00000000,0d00
709,709,0,0,1,1,40,0,1,110,00001000,00000000,0d00
710,710,0,0,1,1,40,0,0,110,00001000,00000000,0d00
711,711,0,0,1,1,40,0,1,111,00001100,00000000,0d00
712,712,0,0,1,1,40,0,0,111,00001100,00000000,0d00
713,713,0,0,0,1,40,0,1,112,00001100,00000000,0d00
714,714,0,0,0,0,40,0,0,112,00001100,00000000,0d00
715,715,0,0,0,0,40,0,1,113,00001100,00000000,0d00
716,716,0,0,0,0,40,0,0,113,00001100,00000000,0d00
717,717,0,0,1,0,40,0,1,114,00001100,00000000,0d00
718,718,0,0,1,0,40,0,0,114,00001100,00000000,0d00
719,719,0,0,1,0,40,0,1,115,00001100,00000000,0d00
720,720,0,0,1,0,40,0,0,115,00001100,00000000,0d00
721,721,0,0,0,0,40,0,1,116,00001100,00000000,0d00
722,722,0,0,0,1,40,0,0,116,00001100,00000000,0d00
723,723,0,0,0,1,40,0,1,117,00001100,00000000,0d00
724,724,0,0,0,1,40,0,0,117,00001100,00000000,0d00
725,725,0,0,1,1,40,0,1,118,00001100,00000000,0d00
726,726,0,0,1,1,40,0,0,118,00001100,00000000,0d00
727,727,0,0,1,1,40,0,1,119,00001101,00000000,0d00
728,728,0,0,1,1,40,0,0,119,00001101,00000000,0d00
729,729,0,0,0,1,40,0,1,120,00001101,00000000,0d00
730,730,0,0,0,1,40,0,0,120,00001101,00000000,0d00
731,731,0,0,0,0,40,0,1,121,00001101,00000000,0d00
732,732,0,0,0,0,40,0,0,121,00001101,00000000,0d00
733,733,0,0,1,0,40,0,1,122,00001101,00000000,0d00
734,734,0,0,1,0,40,0,0,122,00001101,00000000,0d00
735,735,0,0,1,0,40,0,1,123,00001101,00000000,0d00
736,736,0,0,1,0,40,0,0,123,00001101,00000000,0d00
737,737,0,0,0,0,40,0,1,124,00001101,00000000,0d00
738,738,0,0,0,0,40,0,0,124,00001101,00000000,0d00
739,739,0,0,0,0,40,0,1,125,00001101,00000000,0d00
740,740,0,0,0,0,40,0,0,125,00001101,00000000,0d00
741,741,0,0,1,0,40,0,1,126,00001101,00000000,0d00
742,742,0,0,1,0,40,0,0,126,00001101,00000000,0d00
743,743,0,0,1,0,40,0,1,127,00001101,00000000,0d00
744,744,0,0,1,0,40,0,0,127,00001101,00000000,0d00
745,745,0,0,0,0,40,0,1,128,00001101,00000000,0d00
746,746,0,0,0,0,40,0,0,128,00001101,00000000,0d00
747,747,0,0,0,0,40,0,1,129,00001101,00000000,0d00
748,748,0,0,0,0,40,0,0,129,00001101,00000000,0d00
749,749,0,0,1,0,40,0,1,130,00001101,00000000,0d00
750,750,0,0,1,0,40,0,0,130,00001101,00000000,0d00
751,751,0,0,1,0,40,0,1,131,00001101,00000000,0d00
752,752,0,0,1,0,40,0,0,131,00001101,00000000,0d00
753,753,0,0,0,0,40,0,1,132,00001101,00000000,0d00
754,754,0,0,0,0,40,0,0,132,00001101,00000000,0d00
755,755,0,0,0,0,40,0,1,133,00001101,00000000,0d00
756,756,0,0,0,0,40,0,0,133,00001101,00000000,0d00
757,757,0,0,1,0,40,0,1,134,00001101,00000000,0d00
758,758,0,0,1,0,40,0,0,134,00001101,00000000,0d00
759,759,0,0,1,0,40,0,1,135,00001101,00000000,0d00
760,760,0,0,1,0,40,0,0,135,00001101,00000000,0d00
761,761,0,0,0,0,40,0,1,136,00001101,00000000,0d00
762,762,0,0,0,0,40,0,0,136,00001101,00000000,0d00
763,763,0,0,0,0,40,0,1,137,00001101,00000000,0d00
764,764,0,0,0,0,40,0,0,137,00001101,00000000,0d00
765,765,0,0,1,0,40,0,1,138,00001101,00000000,0d00
766,766,0,0,1,0,40,0,0,138,00001101,00000000,0d00
767,767,0,0,1,0,40,0,1,139,00001101,00000000,0d00
768,768,0,0,1,0,40,0,0,139,00001101,00000000,0d00
769,769,0,0,0,0,40,0,1,140,00001101,00000000,0d00
770,770,0,0,0,0,40,0,0,140,00001101,00000000,0d00
771,771,0,0,0,0,40,0,1,141,00001101,00000000,0d00
772,772,0,0,0,0,40,0,0,141,00001101,00000000,0d00
773,773,0,0,1,0,40,0,1,142,00001101,00000000,0d00
774,774,0,0,1,0,40,0,0,142,00001101,00000000,0d00
775,775,0,0,1,0,40,0,1,143,00001101,00000000,0d00
776,776,0,0,1,0,40,0,0,143,00001101,00000000,0d00
777,777,0,0,0,0,40,0,1,144,00001101,00000000,0d00
778,778,0,0,0,0,40,0,0,144,00001101,00000000,0d00
779,779,0,0,0,0,40,0,1,145,00001101,00000000,0d00
780,780,0,0,0,0,40,0,0,145,00001101,00000000,0d00
781,781,0,0,1,0,40,0,1,146,00001101,00000000,0d00
782,782,0,0,1,0,40,0,0,146,00001101,00000000,0d00
783,783,0,0,1,0,40,0,1,147,00001101,00000000,0d00
784,784,0,0,1,0,40,0,0,147,00001101,00000000,0d00
785,785,0,0,0,0,40,0,1,148,00001101,00000000,0d00
786,786,0,0,0,0,40,0,0,148,00001101,00000000,0d00
787,787,0,0,0,0,40,0,1,149,00001101,00000000,0d00
788,788,0,0,0,0,40,0,0,149,00001101,00000000,0d00
789,789,0,0,1,0,40,0,1,150,00001101,00000000,0d00
790,790,0,0,1,0,40,0,0,150,00001101,00000000,0d00
791,791,0,0,1,0,40,0,1,151,00001101,00000000,0d00
792,792,0,0,1,0,40,0,0,151,00001101,00000000,0d00
793,793,0,0,0,0,40,0,1,152,00001101,00000000,0d00
794,794,0,0,0,0,40,0,0,152,00001101,00000000,0d00
795,795,0,0,0,0,40,0,1,153,00001101,00000000,0d00
796,796,0,0,0,0,40,0,0,153,00001101,00000000,0d00
797,797,0,0,1,0,40,0,1,154,00001101,00000000,0d00
798,798,0,0,1,0,40,0,0,154,00001101,00000000,0d00
799,799,0,0,1,0,40,0,1,155,00001101,00000000,0d00
800,800,0,0,1,0,40,0,0,155,00001101,00000000,0d00
801,801,0,0,0,0,40,0,1,156,00001101,00000000,0d00
802,802,0,0,0,0,40,0,0,156,00001101,00000000,0d00
803,803,0,1,0,1,c0,0,1,157,00001101,00000000,0d00
804,804,0,1,0,1,c0,0,0,157,00001101,00000000,0d00
805,805,0,1,1,1,c0,0,1,158,00001101,00000000,0d00
806,806,0,1,1,1,c0,0,0,158,00001101,00000000,0d00
807,807,0,1,1,1,c0,0,1,159,00001101,00000000,0d00
808,808,0,1,1,1,c0,0,0,159,00001101,00000000,0d00
809,809,0,1,0,1,c0,0,1,1,00001101,00000000,0d00
810,810,0,1,0,1,c0,0,0,1,00001101,00000000,0d00
811,811,0,1,1,0,c0,0,1,2,00000000,00000000,0d00
812,812,0,1,1,0,c0,0,0,2,00000000,00000000,0d00
813,813,0,1,0,0,c0,0,1,3,00000000,00000000,0d00
814,814,0,1,0,0,c0,0,0,3,00000000,00000000,0d00
815,815,0,1,0,1,c0,0,1,4,00000000,00000000,0d00
816,816,0,1,0,1,c0,0,0,4,00000000,00000000,0d00
817,817,0,1,1,1,c0,0,1,5,00000000,00000000,0d00
818,818,0,1,1,1,c0,0,0,5,00000000,00000000,0d00
819,819,0,1,1,1,c0,0,1,6,00000000,00000000,0d00
820,820,0,1,1,1,c0,0,0,6,00000000,00000000,0d00
821,821,0,1,0,1,c0,0,1,7,00000000,00000000,0d00
822,822,0,1,0,1,c0,0,0,7,00000000,00000000,0d00
823,823,0,1,0,0,c0,0,1,8,00000000,00000000,0d00
824,824,0,1,0,0,c0,0,0,8,00000000,00000000,0d00
825,825,0,1,1,0,c0,0,1,9,00000000,00000000,0d00
826,826,0,1,1,0,c0,0,0,9,00000000,00000000,0d00
827,827,0,1,1,0,c0,0,1,10,00000000,00000000,0d00
828,828,0,1,1,0,c0,0,0,10,00000000,00000000,0d00
829,829,0,1,0,0,c0,0,1,11,00000000,00000000,0d00
830,830,0,1,0,0,c0,0,0,11,00000000,00000000,0d00
831,831,0,1,0,0,c0,0,1,12,00000000,00000000,0d00
832,832,0,1,0,0,c0,0,0,12,00000000,00000000,0d00
833,833,0,1,1,0,c0,0,1,13,00000000,00000000,0d00
834,834,0,1,1,0,c0,0,0,13,00000000,00000000,0d00
835,835,0,1,1,0,c0,0,1,14,00000000,00000000,0d00
836,836,0,1,1,0,c0,0,0,14,00000000,00000000,0d00
837,837,0,1,0,0,c0,0,1,15,00000000,00000000,0d00
838,838,0,1,0,0,c0,0,0,15,00000000,00000000,0d00
839,839,0,1,0,1,c0,0,1,16,00000000,00000000,0d00
840,840,0,1,0,1,c0,0,0,16,00000000,00000000,0d00
841,841,0,1,1,1,c0,0,1,17,00000000,00000000,0d00
842,842,0,1,1,1,c0,0,0,17,00000000,00000000,0d00
843,843,0,1,1,1,c0,0,1,18,00000000,00000000,0d00
844,844,0,1,1,1,c0,0,0,18,00000000,00000000,0d00
845,845,0,1,0,1,c0,0,1,19,00000000,00000000,0d00
846,846,0,1,0,1,c0,0,0,19,00000000,00000000,0d00
847,847,0,1,0,0,c0,0,1,20,00000000,00000000,0d00
848,848,0,1,0,0,c0,0,0,20,00000000,00000000,0d00
849,849,0,1,1,0,c0,0,1,21,00000000,00000000,0d00
850,850,0,1,1,0,c0,0,0,21,00000000,00000000,0d00
851,851,0,1,1,0,c0,0,1,22,00000000,00000000,0d00
852,852,0,1,1,0,c0,0,0,22,00000000,00000000,0d00
853,853,0,1,0,0,c0,0,1,23,00000000,00000000,0d00
854,854,0,1,0,0,c0,0,0,23,00000000,00000000,0d00
855,855,0,1,0,0,c0,0,1,24,00000000,00000000,0d00
856,856,0,1,0,0,c0,0,0,24,00000000,00000000,0d00
857,857,0,1,1,0,c0,0,1,25,00000000,00000000,0d00
858,858,0,1,1,0,c0,0,0,25,00000000,00000000,0d00
859,859,0,1,1,0,c0,0,1,26,00000000,00000000,0d00
860,860,0,1,1,0,c0,0,0,26,00000000,00000000,0d00
861,861,0,1,0,0,c0,0,1,27,00000000,00000000,0d00
862,862,0,1,0,0,c0,0,0,27,00000000,00000000,0d00
863,863,0,1,0,0,c0,0,1,28,00000000,00000000,0d00
864,864,0,1,0,0,c0,0,0,28,00000000,00000000,0d00
865,865,0,1,1,0,c0,0,1,29,00000000,00000000,0d00
866,866,0,1,1,0,c0,0,0,29,00000000,00000000,0d00
867,867,0,1,1,0,c0,0,1,30,00000000,00000000,0d00
868,868,0,1,1,0,c0,0,0,30,00000000,00000000,0d00
869,869,0,1,0,0,c0,0,1,31,00000000,00000000,0d00
870,870,0,1,0,0,c0,0,0,31,00000000,00000000,0d00
871,871,0,1,0,0,c0,0,1,32,00000000,00000000,0d00
872,872,0,1,0,0,c0,0,0,32,00000000,00000000,0d00
873,873,0,1,1,0,c0,0,1,33,00000000,00000000,0d00
874,874,0,1,1,0,c0,0,0,33,00000000,00000000,0d00
875,875,0,1,1,0,c0,0,1,34,00000000,00000000,0d00
876,876,0,1,1,0,c0,0,0,34,00000000,00000000,0d00
877,877,0,1,0,0,c0,0,1,35,00000000,00000000,0d00
878,878,0,1,0,0,c0,0,0,35,00000000,00000000,0d00
879,879,0,1,0,0,c0,0,1,36,00000000,00000000,0d00
880,880,0,1,0,1,c0,0,0,36,00000000,00000000,0d00
881,881,0,1,1,1,c0,0,1,37,00000000,00000000,0d00
882,882,0,1,1,1,c0,0,0,37,00000000,00000000,0d00
883,883,0,1,1,1,c0,0,1,38,00000000,00000000,0d00
884,884,0,1,1,1,c0,0,0,38,00000000,00000000,0d00
885,885,0,1,0,1,c0,0,1,43,00000000,00000000,0d00
886,886,0,1,0,1,c0,0,0,43,00000000,00000000,0d00
887,887,0,1,0,0,c0,0,1,44,00000000,00000000,0d00
888,888,0,1,0,0,c0,0,0,44,00000000,00000000,0d00
889,889,0,1,1,0,c0,0,1,45,00000000,00000000,0d00
890,890,0,1,1,0,c0,0,0,45,00000000,00000000,0d00
891,891,0,1,1,0,c0,0,1,46,00000000,00000000,0d00
892,892,0,1,1,0,c0,0,0,46,00000000,00000000,0d00
893,893,0,1,0,0,c0,0,1,47,00000000,00000000,0d00
894,894,0,1,0,0,c0,0,0,47,00000000,00000000,0d00
895,895,0,1,0,0,c0,0,1,48,00000000,00000000,0d00
896,896,0,1,0,0,c0,0,0,48,00000000,00000000,0d00
897,897,0,1,1,0,c0,0,1,49,00000000,00000000,0d00
898,898,0,1,1,0,c0,0,0,49,00000000,00000000,0d00
899,899,0,1,1,0,c0,0,1,50,00000000,00000000,0d00
900,900,0,1,1,0,c0,0,0,50,00000000,00000000,0d00
901,901,0,1,0,0,c0,0,1,51,00000000,00000000,0d00
902,902,0,1,0,0,c0,0,0,51,00000000,00000000,0d00
903,903,0,1,0,0,c0,0,1,52,00000000,00000000,0d00
904,904,0,1,0,0,c0,0,0,52,00000000,00000000,0d00
905,905,0,1,1,0,c0,0,1,53,00000000,00000000,0d00
906,906,0,1,1,0,c0,0,0,53,00000000,00000000,0d00
907,907,0,1,1,0,c0,0,1,54,00000000,00000000,0d00
908,908,0,1,1,0,c0,0,0,54,00000000,00000000,0d00
909,909,0,1,0,0,c0,0,1,55,00000000,00000000,0d00
910,910,0,1,0,0,c0,0,0,55,00000000,00000000,0d00
911,911,0,1,0,0,c0,0,1,56,00000000,00000000,0d00
912,912,0,1,0,0,c0,0,0,56,00000000,00000000,0d00
913,913,0,1,1,0,c0,0,1,57,00000000,00000000,0d00
914,914,0,1,1,0,c0,0,0,57,00000000,00000000,0d00
915,915,0,1,1,0,c0,0,1,58,00000000,00000000,0d00
916,916,0,1,1,0,c0,0,0,58,00000000,00000000,0d00
917,917,0,1,0,0,c0,0,1,63,00000000,00000000,0d00
918,918,0,1,0,0,c0,0,0,63,00000000,00000000,0d00
919,919,0,1,0,0,c0,0,1,64,00000000,00000000,0d00
920,920,0,1,0,0,c0,0,0,64,00000000,00000000,0d00
921,921,0,1,1,0,c0,0,1,65,00000000,00000000,0d00
922,922,0,1,1,0,c0,0,0,65,00000000,00000000,0d00
923,923,0,1,1,0,c0,0,1,66,00000000,00000000,0d00
924,924,0,1,1,0,c0,0,0,66,00000000,00000000,0d00
925,925,0,1,0,0,c0,0,1,67,00000000,00000000,0d00
926,926,0,1,0,0,c0,0,0,67,00000000,00000000,0d00
927,927,0,1,0,0,c0,0,1,68,00000000,00000000,0d00
928,928,0,1,0,0,c0,0,0,68,00000000,00000000,0d00
929,929,0,1,1,0,c0,0,1,69,00000000,00000000,0d00
930,930,0,1,1,0,c0,0,0,69,00000000,00000000,0d00
931,931,0,1,1,0,c0,0,1,70,00000000,00000000,0d00
932,932,0,1,1,0,c0,0,0,70,00000000,00000000,0d00
933,933,0,1,0,0,c0,0,1,71,00000000,00000000,0d00
934,934,0,1,0,0,c0,0,0,71,00000000,00000000,0d00
935,935,0,1,0,0,c0,0,1,72,00000000,00000000,0d00
936,936,0,1,0,0,c0,0,0,72,00000000,00000000,0d00
937,937,0,1,1,0,c0,0,1,73,00000000,00000000,0d00
938,938,0,1,1,0,c0,0,0,73,00000000,00000000,0d00
939,939,0,1,1,0,c0,0,1,74,00000000,00000000,0d00
940,940,0,1,1,0,c0,0,0,74,00000000,00000000,0d00
941,941,0,1,0,0,c0,0,1,75,00000000,00000000,0d00
942,942,0,1,0,0,c0,0,0,75,00000000,00000000,0d00
943,943,0,1,0,0,c0,0,1,76,00000000,00000000,0d00
944,944,0,1,0,0,c0,0,0,76,00000000,00000000,0d00
945,945,0,1,1,0,c0,0,1,77,00000000,00000000,0d00
946,946,0,1,1,0,c0,0,0,77,00000000,00000000,0d00
947,947,0,1,1,0,c0,0,1,78,00000000,00000000,0d00
948,948,0,1,1,0,c0,0,0,78,00000000,00000000,0d00
949,949,0,1,0,0,c0,0,1,79,00000000,00000000,0d00
950,950,0,1,0,0,c0,0,0,79,00000000,00000000,0d00
951,951,0,1,0,0,c0,0,1,80,00000000,00000000,0d00
952,952,0,1,0,1,c0,0,0,80,00000000,00000000,0d00
953,953,0,1,1,1,c0,0,1,81,00000000,00000000,0d00
954,954,0,1,1,1,c0,0,0,81,00000000,00000000,0d00
955,955,0,1,1,1,c0,0,1,82,00000000,00000000,0d00
956,956,0,1,1,1,c0,0,0,82,00000000,00000000,0d00
957,957,0,1,0,1,c0,0,1,83,00000000,00000000,0d00
958,958,0,1,0,1,c0,0,0,83,00000000,00000000,0d00
959,959,0,1,0,1,c0,0,1,87,00000000,00000000,0d00
960,960,0,1,0,1,c0,0,0,87,00000000,00000000,0d00
961,961,0,1,1,1,c0,0,1,1,00000000,00000000,0d00
962,962,0,1,1,1,c0,0,0,1,00000000,00000000,0d00
963,963,0,1,1,0,c0,0,1,2,00000000,00000000,0d00
964,964,0,1,1,0,c0,0,0,2,00000000,00000000,0d00
965,965,0,1,0,0,c0,0,1,3,00000000,00000000,0d00
966,966,0,1,0,0,c0,0,0,3,00000000,00000000,0d00
967,967,0,1,0,1,c0,0,1,4,00000000,00000000,0d00
968,968,0,1,0,1,c0,0,0,4,00000000,00000000,0d00
969,969,0,1,1,1,c0,0,1,5,00000000,00000000,0d00
970,970,0,1,1,1,c0,0,0,5,00000000,00000000,0d00
971,971,0,1,1,1,c0,0,1,6,00000000,00000000,0d00
972,972,0,1,1,1,c0,0,0,6,00000000,00000000,0d00
973,973,0,1,0,1,c0,0,1,7,00000000,00000000,0d00
974,974,0,1,0,1,c0,0,0,7,00000000,00000000,0d00
975,975,0,1,0,0,c0,0,1,8,00000000,00000000,0d00
976,976,0,1,0,0,c0,0,0,8,00000000,00000000,0d00
977,977,0,1,1,0,c0,0,1,9,00000000,00000000,0d00
978,978,0,1,1,0,c0,0,0,9,00000000,00000000,0d00
979,979,0,1,1,0,c0,0,1,10,00000000,00000000,0d00
980,980,0,1,1,0,c0,0,0,10,00000000,00000000,0d00
981,981,0,1,0,0,c0,0,1,11,00000000,00000000,0d00
982,982,0,1,0,0,c0,0,0,11,00000000,00000000,0d00
983,983,0,1,0,0,c0,0,1,12,00000000,00000000,0d00
984,984,0,1,0,0,c0,0,0,12,00000000,00000000,0d00
985,985,0,1,1,0,c0,0,1,13,00000000,00000000,0d00
986,986,0,1,1,0,c0,0,0,13,00000000,00000000,0d00
987,987,0,1,1,0,c0,0,1,14,00000000,00000000,0d00
988,988,0,1,1,0,c0,0,0,14,00000000,00000000,0d00
989,989,0,1,0,0,c0,0,1,15,00000000,00000000,0d00
990,990,0,1,0,0,c0,0,0,15,00000000,00000000,0d00
991,991,0,1,0,1,c0,0,1,16,00000000,00000000,0d00
992,992,0,1,0,1,c0,0,0,16,00000000,00000000,0d00
993,993,0,1,1,1,c0,0,1,17,00000000,00000000,0d00
994,994,0,1,1,1,c0,0,0,17,00000000,00000000,0d00
995,995,0,1,1,1,c0,0,1,18,00000000,00000000,0d00
996,996,0,1,1,1,c0,0,0,18,00000000,00000000,0d00
997,997,0,1,0,1,c0,0,1,19,00000000,00000000,0d00
998,998,0,1,0,1,c0,0,0,19,00000000,00000000,0d00
999,999,0,1,0,0,c0,0,1,20,00000000,00000000,0d00
1000,1000,0,1,0,0,c0,0,0,20,00000000,00000000,0d00
1001,1001,0,1,1,0,c0,0,1,21,00000000,00000000,0d00
1002,1002,0,1,1,0,c0,0,0,21,00000000,00000000,0d00
1003,1003,0,1,1,0,c0,0,1,22,00000000,00000000,0d00
1004,1004,0,1,1,0,c0,0,0,22,00000000,00000000,0d00
1005,1005,0,1,0,0,c0,0,1,23,00000000,00000000,0d00
1006,1006,0,1,0,0,c0,0,0,23,00000000,00000000,0d00
1007,1007,0,1,0,0,c0,0,1,24,00000000,00000000,0d00
1008,1008,0,1,0,0,c0,0,0,24,00000000,00000000,0d00
1009,1009,0,1,1,0,c0,0,1,25,00000000,00000000,0d00
1010,1010,0,1,1,0,c0,0,0,25,00000000,00000000,0d00
1011,1011,0,1,1,0,c0,0,1,26,00000000,00000000,0d00
1012,1012,0,1,1,0,c0,0,0,26,00000000,00000000,0d00
1013,1013,0,1,0,0,c0,0,1,27,00000000,00000000,0d00
1014,1014,0,1,0,0,c0,0,0,27,00000000,00000000,0d00
1015,1015,0,1,0,0,c0,0,1,28,00000000,00000000,0d00
1016,1016,0,1,0,0,c0,0,0,28,00000000,00000000,0d00
1017,1017,0,1,1,0,c0,0,1,29,00000000,00000000,0d00
1018,1018,0,1,1,0,c0,0,0,29,00000000,00000000,0d00
1019,1019,0,1,1,0,c0,0,1,30,00000000,00000000,0d00
1020,1020,0,1,1,0,c0,0,0,30,00000000,00000000,0d00
1021,1021,0,1,0,0,c0,0,1,31,00000000,00000000,0d00
1022,1022,0,1,0,0,c0,0,0,31,00000000,00000000,0d00
1023,1023,0,1,0,1,c0,0,1,32,00000000,00000000,0d00
